# Relative Compactness,Surface Area,Roof Area,Overall Height,Cooling Load,Heating Load
-0.03941653889706892,-0.11596590176067874,-1.1986778735345365,1.0,1.3066262619112887,36.64
0.5281816212207099,-0.6726022302119347,-0.6558803458962558,1.0,0.2484708377908676,25.37
0.5281816212207099,-0.6726022302119347,-0.6558803458962558,1.0,-0.3605470454752595,16.95
0.9065803946325631,-0.9509203944375626,-0.6558803458962558,1.0,0.9879174214455951,29.54
1.2849791680444165,-1.2292385586631904,-1.1986778735345365,1.0,0.5776981218362869,29.62
-0.5124150056618855,0.44067042669057715,0.9725122370185867,-1.0,-0.7486776135671438,14.58
0.5281816212207099,-0.6726022302119347,-0.6558803458962558,1.0,-0.32899171473608185,17.41
-1.3638122458385542,1.553943083593089,0.9725122370185867,-1.0,-0.9032987341891138,16.74
1.2849791680444165,-1.2292385586631904,-1.1986778735345365,1.0,0.9027180284498162,33.48
-0.22861592560299554,0.1623522624649492,0.9725122370185867,-1.0,-0.7718181894425405,14.55
-0.5124150056618855,0.44067042669057715,0.9725122370185867,-1.0,-1.0358311232936597,12.28
-0.985413472426701,0.997306755141833,0.9725122370185867,-1.0,-0.9085579559789768,12.95
-0.7016143923678121,0.718988590916205,0.9725122370185867,-1.0,-0.8117882750454987,14.42
0.244382541161821,-0.39428406598630666,-0.6558803458962558,1.0,1.390773810549096,40.03
-1.1746128591326277,1.275624919367461,0.9725122370185867,-1.0,-0.33530278088391763,17.88
-1.3638122458385542,1.553943083593089,0.9725122370185867,-1.0,-1.1042010065618777,12.68
-0.22861592560299554,0.1623522624649492,0.9725122370185867,-1.0,-0.8044253645396906,14.52
-1.1746128591326277,1.275624919367461,0.9725122370185867,-1.0,-0.1954074812735635,19.36
-0.7016143923678121,0.718988590916205,0.9725122370185867,-1.0,-0.8570175824383198,14.75
-1.3638122458385542,1.553943083593089,0.9725122370185867,-1.0,-1.085267808118371,12.97
0.244382541161821,-0.39428406598630666,-0.6558803458962558,1.0,1.7536601140496377,35.48
-0.03941653889706892,-0.11596590176067874,-1.1986778735345365,1.0,1.2919004408996724,36.95
1.2849791680444165,-1.2292385586631904,-1.1986778735345365,1.0,0.7796522385670235,32.31
0.9065803946325631,-0.9509203944375626,-0.6558803458962558,1.0,0.3915216704751392,29.88
-1.1746128591326277,1.275624919367461,0.9725122370185867,-1.0,-0.821254874267252,10.85
-0.7016143923678121,0.718988590916205,0.9725122370185867,-1.0,-0.8107364306875263,14.62
0.5281816212207099,-0.6726022302119347,-0.6558803458962558,1.0,0.24952268214884032,25.98
0.244382541161821,-0.39428406598630666,-0.6558803458962558,1.0,1.2897967521837277,39.86
-0.985413472426701,0.997306755141833,0.9725122370185867,-1.0,-0.9148690221268122,13.05
0.5281816212207099,-0.6726022302119347,-0.6558803458962558,1.0,0.6891936237813812,28.64
-0.7016143923678121,0.718988590916205,0.9725122370185867,-1.0,-0.8180993411933345,14.54
-0.03941653889706892,-0.11596590176067874,-1.1986778735345365,1.0,1.2897967521837277,36.96
0.244382541161821,-0.39428406598630666,-0.6558803458962558,1.0,1.362374012883836,39.89
2.0417767148681216,-1.7858748871144463,-1.4700766373536769,1.0,0.8911477405121178,32.67
-0.03941653889706892,-0.11596590176067874,-1.1986778735345365,1.0,0.9973840206673488,32.4
2.0417767148681216,-1.7858748871144463,-1.4700766373536769,1.0,0.984761888371678,32.21
-1.3638122458385542,1.553943083593089,0.9725122370185867,-1.0,-0.7865440104541568,16.44
0.5281816212207099,-0.6726022302119347,-0.6558803458962558,1.0,0.03389458876446017,24.03
-0.22861592560299554,0.1623522624649492,0.9725122370185867,-1.0,-1.0337274345777145,11.69
0.5281816212207099,-0.6726022302119347,-0.6558803458962558,1.0,0.5314169700854933,28.91
0.9065803946325631,-0.9509203944375626,-0.6558803458962558,1.0,0.6628975148320665,26.28
-0.5124150056618855,0.44067042669057715,0.9725122370185867,-1.0,-1.0842159637603985,10.8
-0.5124150056618855,0.44067042669057715,0.9725122370185867,-1.0,-0.720277815901884,14.66
2.0417767148681216,-1.7858748871144463,-1.4700766373536769,1.0,0.8806292969323918,32.82
0.244382541161821,-0.39428406598630666,-0.6558803458962558,1.0,2.160723880585029,39.04
-0.985413472426701,0.997306755141833,0.9725122370185867,-1.0,-1.0568680104531114,11.38
0.244382541161821,-0.39428406598630666,-0.6558803458962558,1.0,1.559068907824709,43.1
1.2849791680444165,-1.2292385586631904,-1.1986778735345365,1.0,1.024731973974636,28.09
2.0417767148681216,-1.7858748871144463,-1.4700766373536769,1.0,0.9090290945976512,32.72
1.2849791680444165,-1.2292385586631904,-1.1986778735345365,1.0,1.0994129233906895,34.95
0.244382541161821,-0.39428406598630666,-0.6558803458962558,1.0,2.2985154914794372,41.26
-0.5124150056618855,0.44067042669057715,0.9725122370185867,-1.0,-0.7697145007265954,14.4
0.5281816212207099,-0.6726022302119347,-0.6558803458962558,1.0,0.45883970938538476,28.64
0.244382541161821,-0.39428406598630666,-0.6558803458962558,1.0,0.9763471335078967,36.97
0.244382541161821,-0.39428406598630666,-0.6558803458962558,1.0,1.348700036230192,40.19
-0.985413472426701,0.997306755141833,0.9725122370185867,-1.0,-0.7076556836062129,15.34
1.2849791680444165,-1.2292385586631904,-1.1986778735345365,1.0,0.5556093903188628,29.87
-1.1746128591326277,1.275624919367461,0.9725122370185867,-1.0,-0.4341761505333404,16.66
0.5281816212207099,-0.6726022302119347,-0.6558803458962558,1.0,0.8364518338975431,29.92
-0.7016143923678121,0.718988590916205,0.9725122370185867,-1.0,-1.16205244625037,11.46
0.9065803946325631,-0.9509203944375626,-0.6558803458962558,1.0,1.2908485965417,31.64
2.0417767148681216,-1.7858748871144463,-1.4700766373536769,1.0,0.5450909467391368,28.58
0.5281816212207099,-0.6726022302119347,-0.6558803458962558,1.0,0.4041438027708103,29.52
-1.3638122458385542,1.553943083593089,0.9725122370185867,-1.0,-0.8391362283527861,16.48
-0.03941653889706892,-0.11596590176067874,-1.1986778735345365,1.0,0.547194635455082,24.77
1.2849791680444165,-1.2292385586631904,-1.1986778735345365,1.0,1.1541088300052642,32.46
2.0417767148681216,-1.7858748871144463,-1.4700766373536769,1.0,0.5798018105522323,28.17
-1.1746128591326277,1.275624919367461,0.9725122370185867,-1.0,-0.4236577069536148,16.84
-1.1746128591326277,1.275624919367461,0.9725122370185867,-1.0,-0.4688870143464359,16.73
0.9065803946325631,-0.9509203944375626,-0.6558803458962558,1.0,0.10962738253848622,27.02
2.0417767148681216,-1.7858748871144463,-1.4700766373536769,1.0,0.1348716471298285,24.32
2.0417767148681216,-1.7858748871144463,-1.4700766373536769,1.0,0.5892684097739855,28.15
2.0417767148681216,-1.7858748871144463,-1.4700766373536769,1.0,0.11067922689645898,24.35
-1.3638122458385542,1.553943083593089,0.9725122370185867,-1.0,-1.0126905474182626,14.34
-0.5124150056618855,0.44067042669057715,0.9725122370185867,-1.0,-0.7444702361352532,14.6
0.244382541161821,-0.39428406598630666,-0.6558803458962558,1.0,1.2813819973199472,39.97
-0.985413472426701,0.997306755141833,0.9725122370185867,-1.0,-0.8854173801035796,12.86
-0.22861592560299554,0.1623522624649492,0.9725122370185867,-1.0,-1.0284682127878515,11.64
-1.1746128591326277,1.275624919367461,0.9725122370185867,-1.0,-0.5614493178480234,15.19
-0.985413472426701,0.997306755141833,0.9725122370185867,-1.0,-0.8622768042281829,13.17
0.5281816212207099,-0.6726022302119347,-0.6558803458962558,1.0,0.022324300826761786,23.67
-0.985413472426701,0.997306755141833,0.9725122370185867,-1.0,-0.704500150532295,15.29
0.9065803946325631,-0.9509203944375626,-0.6558803458962558,1.0,0.6744678027697649,32.75
-0.5124150056618855,0.44067042669057715,0.9725122370185867,-1.0,-0.8138919637614438,14.6
0.5281816212207099,-0.6726022302119347,-0.6558803458962558,1.0,0.5450909467391368,29.47
-1.3638122458385542,1.553943083593089,0.9725122370185867,-1.0,-1.0610753878850017,12.97
0.5281816212207099,-0.6726022302119347,-0.6558803458962558,1.0,0.002339258025282523,23.54
-1.1746128591326277,1.275624919367461,0.9725122370185867,-1.0,-0.4604722594826551,18.19
1.2849791680444165,-1.2292385586631904,-1.1986778735345365,1.0,0.9879174214455951,36.45
-0.03941653889706892,-0.11596590176067874,-1.1986778735345365,1.0,0.9763471335078967,32.96
2.0417767148681216,-1.7858748871144463,-1.4700766373536769,1.0,0.16327144479508826,24.35
0.5281816212207099,-0.6726022302119347,-0.6558803458962558,1.0,0.0359982774804053,23.87
0.5281816212207099,-0.6726022302119347,-0.6558803458962558,1.0,0.8764219195005015,28.01
-0.7016143923678121,0.718988590916205,0.9725122370185867,-1.0,-1.0621272322429742,11.22
1.2849791680444165,-1.2292385586631904,-1.1986778735345365,1.0,0.9710879117180341,35.05
-1.1746128591326277,1.275624919367461,0.9725122370185867,-1.0,-0.47940545792616157,16.93
0.9065803946325631,-0.9509203944375626,-0.6558803458962558,1.0,0.7512524409017637,25.27
-0.03941653889706892,-0.11596590176067874,-1.1986778735345365,1.0,1.5548615303928188,38.82
-1.3638122458385542,1.553943083593089,0.9725122370185867,-1.0,-1.034779278935687,13.86
-0.22861592560299554,0.1623522624649492,0.9725122370185867,-1.0,-0.8054772088976633,14.45
1.2849791680444165,-1.2292385586631904,-1.1986778735345365,1.0,0.527209592653603,19.68
-0.7016143923678121,0.718988590916205,0.9725122370185867,-1.0,-0.7749737225164585,14.62
-0.5124150056618855,0.44067042669057715,0.9725122370185867,-1.0,-1.10104547348796,10.68
-0.985413472426701,0.997306755141833,0.9725122370185867,-1.0,-0.740262858703363,14.92
2.0417767148681216,-1.7858748871144463,-1.4700766373536769,1.0,0.590320254131958,28.61
-0.985413472426701,0.997306755141833,0.9725122370185867,-1.0,-1.1315489598691648,11.61
-0.22861592560299554,0.1623522624649492,0.9725122370185867,-1.0,-1.0621272322429742,11.8
0.9065803946325631,-0.9509203944375626,-0.6558803458962558,1.0,1.1993381373980854,31.89
-1.1746128591326277,1.275624919367461,0.9725122370185867,-1.0,-0.5625011622059961,15.16
-1.1746128591326277,1.275624919367461,0.9725122370185867,-1.0,-0.5635530065639686,15.41
-1.3638122458385542,1.553943083593089,0.9725122370185867,-1.0,-1.0200534579240708,13.91
0.244382541161821,-0.39428406598630666,-0.6558803458962558,1.0,1.1057239895385251,36.97
2.0417767148681216,-1.7858748871144463,-1.4700766373536769,1.0,0.11909398176023948,24.23
-1.3638122458385542,1.553943083593089,0.9725122370185867,-1.0,-1.0789567419705357,12.93
-0.03941653889706892,-0.11596590176067874,-1.1986778735345365,1.0,1.359218479809918,36.26
-1.1746128591326277,1.275624919367461,0.9725122370185867,-1.0,-0.32162880423027373,18.46
-0.7016143923678121,0.718988590916205,0.9725122370185867,-1.0,-0.8664841816600731,14.32
-0.7016143923678121,0.718988590916205,0.9725122370185867,-1.0,-0.9190763995587026,12.87
-0.03941653889706892,-0.11596590176067874,-1.1986778735345365,1.0,1.3665813903157262,36.13
0.9065803946325631,-0.9509203944375626,-0.6558803458962558,1.0,1.0100061529630195,28.42
-0.22861592560299554,0.1623522624649492,0.9725122370185867,-1.0,-0.9558909520877431,12.5
-0.985413472426701,0.997306755141833,0.9725122370185867,-1.0,-1.0084831699863723,11.33
0.5281816212207099,-0.6726022302119347,-0.6558803458962558,1.0,0.5566612346768351,24.94
2.0417767148681216,-1.7858748871144463,-1.4700766373536769,1.0,0.5882165654160129,28.18
-1.1746128591326277,1.275624919367461,0.9725122370185867,-1.0,-0.5425161194045168,15.2
0.5281816212207099,-0.6726022302119347,-0.6558803458962558,1.0,0.6376532502407243,29.67
-0.22861592560299554,0.1623522624649492,0.9725122370185867,-1.0,-0.8401880727107585,13.78
-0.5124150056618855,0.44067042669057715,0.9725122370185867,-1.0,-0.9411651310761268,12.28
-1.3638122458385542,1.553943083593089,0.9725122370185867,-1.0,-1.0779048976125631,12.96
-0.5124150056618855,0.44067042669057715,0.9725122370185867,-1.0,-1.0926307186241793,10.72
2.0417767148681216,-1.7858748871144463,-1.4700766373536769,1.0,0.9773989778658698,32.74
0.9065803946325631,-0.9509203944375626,-0.6558803458962558,1.0,0.7512524409017637,25.41
-1.3638122458385542,1.553943083593089,0.9725122370185867,-1.0,-1.0894751855502613,12.63
-0.985413472426701,0.997306755141833,0.9725122370185867,-1.0,-1.2998440571447785,7.1
0.9065803946325631,-0.9509203944375626,-0.6558803458962558,1.0,0.5366761918753563,32.31
0.244382541161821,-0.39428406598630666,-0.6558803458962558,1.0,1.0089543086050472,36.71
-0.985413472426701,0.997306755141833,0.9725122370185867,-1.0,-0.7307962594816096,14.96
0.9065803946325631,-0.9509203944375626,-0.6558803458962558,1.0,0.9342733591889935,29.39
0.9065803946325631,-0.9509203944375626,-0.6558803458962558,1.0,0.9826581996557325,29.08
2.0417767148681216,-1.7858748871144463,-1.4700766373536769,1.0,0.5156393047159042,28.41
-0.7016143923678121,0.718988590916205,0.9725122370185867,-1.0,-0.9622020182355786,12.31
0.9065803946325631,-0.9509203944375626,-0.6558803458962558,1.0,0.6250311179450535,32.74
0.244382541161821,-0.39428406598630666,-0.6558803458962558,1.0,1.094153701600827,37.03
-0.985413472426701,0.997306755141833,0.9725122370185867,-1.0,-0.8885729131774975,12.74
-1.1746128591326277,1.275624919367461,0.9725122370185867,-1.0,-0.5078052555914213,16.69
-0.985413472426701,0.997306755141833,0.9725122370185867,-1.0,-1.0232089909979887,11.45
-0.5124150056618855,0.44067042669057715,0.9725122370185867,-1.0,-0.973772306173277,12.76
0.9065803946325631,-0.9509203944375626,-0.6558803458962558,1.0,0.1296124253399655,27.03
-0.985413472426701,0.997306755141833,0.9725122370185867,-1.0,-0.6550634657075836,15.09
0.244382541161821,-0.39428406598630666,-0.6558803458962558,1.0,1.951406853348484,36.77
0.5281816212207099,-0.6726022302119347,-0.6558803458962558,1.0,0.06019069771377482,24.24
-0.985413472426701,0.997306755141833,0.9725122370185867,-1.0,-0.9169727108427574,13.0
0.9065803946325631,-0.9509203944375626,-0.6558803458962558,1.0,0.2884409233938257,26.45
2.0417767148681216,-1.7858748871144463,-1.4700766373536769,1.0,0.8616960984888853,32.82
-1.3638122458385542,1.553943083593089,0.9725122370185867,-1.0,-1.3198290999462579,8.5
0.244382541161821,-0.39428406598630666,-0.6558803458962558,1.0,2.0134656704688663,38.65
-0.985413472426701,0.997306755141833,0.9725122370185867,-1.0,-1.0358311232936597,11.43
0.9065803946325631,-0.9509203944375626,-0.6558803458962558,1.0,0.7838596159989137,25.36
-0.03941653889706892,-0.11596590176067874,-1.1986778735345365,1.0,1.5853650167740239,38.89
-0.22861592560299554,0.1623522624649492,0.9725122370185867,-1.0,-1.1557413801025345,10.39
0.5281816212207099,-0.6726022302119347,-0.6558803458962558,1.0,0.351551584872181,29.49
0.9065803946325631,-0.9509203944375626,-0.6558803458962558,1.0,0.6650012035480116,26.48
-0.985413472426701,0.997306755141833,0.9725122370185867,-1.0,-0.6550634657075836,15.09
-0.7016143923678121,0.718988590916205,0.9725122370185867,-1.0,-0.7570923684309243,14.71
-1.3638122458385542,1.553943083593089,0.9725122370185867,-1.0,-1.0884233411922888,12.59
-1.3638122458385542,1.553943083593089,0.9725122370185867,-1.0,-0.9748241505312496,14.34
-1.1746128591326277,1.275624919367461,0.9725122370185867,-1.0,-0.5540864073422153,15.34
-0.03941653889706892,-0.11596590176067874,-1.1986778735345365,1.0,1.2656043319503578,36.43
-0.5124150056618855,0.44067042669057715,0.9725122370185867,-1.0,-0.9590464851616608,14.03
-1.3638122458385542,1.553943083593089,0.9725122370185867,-1.0,-1.0768530532545906,13.99
2.0417767148681216,-1.7858748871144463,-1.4700766373536769,1.0,0.5461427910971095,28.56
-1.3638122458385542,1.553943083593089,0.9725122370185867,-1.0,-0.9285429987804559,15.16
0.244382541161821,-0.39428406598630666,-0.6558803458962558,1.0,1.4454697171636701,42.77
0.5281816212207099,-0.6726022302119347,-0.6558803458962558,1.0,0.22427841755749806,25.38
-1.1746128591326277,1.275624919367461,0.9725122370185867,-1.0,-0.5572419404161332,15.36
-0.985413472426701,0.997306755141833,0.9725122370185867,-1.0,-0.6782040415829803,15.23
-0.7016143923678121,0.718988590916205,0.9725122370185867,-1.0,-1.3313993878839563,6.81
-0.7016143923678121,0.718988590916205,0.9725122370185867,-1.0,-0.8464991388585942,14.37
-0.5124150056618855,0.44067042669057715,0.9725122370185867,-1.0,-1.3587473411912434,6.4
0.9065803946325631,-0.9509203944375626,-0.6558803458962558,1.0,1.0668057482935391,28.66
-1.1746128591326277,1.275624919367461,0.9725122370185867,-1.0,-0.5625011622059961,15.4
-0.985413472426701,0.997306755141833,0.9725122370185867,-1.0,-0.6897743295206787,15.23
0.244382541161821,-0.39428406598630666,-0.6558803458962558,1.0,1.434951273583944,42.08
2.0417767148681216,-1.7858748871144463,-1.4700766373536769,1.0,0.9752952891499244,32.23
-1.3638122458385542,1.553943083593089,0.9725122370185867,-1.0,-0.8202030299092796,16.9
2.0417767148681216,-1.7858748871144463,-1.4700766373536769,1.0,0.8795774525744194,32.85
0.9065803946325631,-0.9509203944375626,-0.6558803458962558,1.0,-0.11546731006764718,19.34
2.0417767148681216,-1.7858748871144463,-1.4700766373536769,1.0,0.8669553202787479,32.49
0.9065803946325631,-0.9509203944375626,-0.6558803458962558,1.0,0.2915964564677436,26.33
-0.03941653889706892,-0.11596590176067874,-1.1986778735345365,1.0,1.0405096393442244,32.33
-0.5124150056618855,0.44067042669057715,0.9725122370185867,-1.0,-0.7854921660961841,14.5
-1.1746128591326277,1.275624919367461,0.9725122370185867,-1.0,-0.5572419404161332,15.36
0.5281816212207099,-0.6726022302119347,-0.6558803458962558,1.0,0.8248815459598446,28.67
0.244382541161821,-0.39428406598630666,-0.6558803458962558,1.0,1.0205245965427456,36.7
-0.22861592560299554,0.1623522624649492,0.9725122370185867,-1.0,-1.1105120727097133,12.02
-0.22861592560299554,0.1623522624649492,0.9725122370185867,-1.0,-1.1736227341880683,10.36
-0.5124150056618855,0.44067042669057715,0.9725122370185867,-1.0,-0.7739218781584857,14.47
-1.1746128591326277,1.275624919367461,0.9725122370185867,-1.0,-0.5519827186262701,15.42
0.9065803946325631,-0.9509203944375626,-0.6558803458962558,1.0,0.25688559265464844,26.37
-1.3638122458385542,1.553943083593089,0.9725122370185867,-1.0,-0.8086327419715812,16.47
0.5281816212207099,-0.6726022302119347,-0.6558803458962558,1.0,0.38731429304324894,25.74
-0.985413472426701,0.997306755141833,0.9725122370185867,-1.0,-0.6866187964467613,15.16
-0.5124150056618855,0.44067042669057715,0.9725122370185867,-1.0,-0.9842907497530028,12.25
-0.7016143923678121,0.718988590916205,0.9725122370185867,-1.0,-0.9863944384689479,12.78
-0.22861592560299554,0.1623522624649492,0.9725122370185867,-1.0,-0.8580694267962926,14.54
0.244382541161821,-0.39428406598630666,-0.6558803458962558,1.0,2.2091087210517677,41.64
-1.3638122458385542,1.553943083593089,0.9725122370185867,-1.0,-0.7875958548121292,16.44
2.0417767148681216,-1.7858748871144463,-1.4700766373536769,1.0,0.9100809389556244,32.69
-0.7016143923678121,0.718988590916205,0.9725122370185867,-1.0,-0.9264393100645107,12.72
-1.1746128591326277,1.275624919367461,0.9725122370185867,-1.0,-0.5519827186262701,15.18
-0.22861592560299554,0.1623522624649492,0.9725122370185867,-1.0,-0.799166142749828,14.18
-0.22861592560299554,0.1623522624649492,0.9725122370185867,-1.0,-0.9832389053950302,12.3
2.0417767148681216,-1.7858748871144463,-1.4700766373536769,1.0,0.519846682147795,28.69
-0.03941653889706892,-0.11596590176067874,-1.1986778735345365,1.0,0.974243444791952,32.52
-0.22861592560299554,0.1623522624649492,0.9725122370185867,-1.0,-1.1725708898300957,10.37
-0.03941653889706892,-0.11596590176067874,-1.1986778735345365,1.0,1.7105344953727621,39.97
1.2849791680444165,-1.2292385586631904,-1.1986778735345365,1.0,1.2403600673590163,37.24
1.2849791680444165,-1.2292385586631904,-1.1986778735345365,1.0,0.9016661840918431,33.28
2.0417767148681216,-1.7858748871144463,-1.4700766373536769,1.0,0.8890440517961723,32.53
-0.5124150056618855,0.44067042669057715,0.9725122370185867,-1.0,-0.9485280415819349,12.1
-0.985413472426701,0.997306755141833,0.9725122370185867,-1.0,-1.0284682127878515,11.34
0.244382541161821,-0.39428406598630666,-0.6558803458962558,1.0,2.0271396471225103,38.57
-1.1746128591326277,1.275624919367461,0.9725122370185867,-1.0,-0.3058511388606851,19.06
2.0417767148681216,-1.7858748871144463,-1.4700766373536769,1.0,0.991072954519513,32.73
0.5281816212207099,-0.6726022302119347,-0.6558803458962558,1.0,0.4514767988795766,22.89
-0.5124150056618855,0.44067042669057715,0.9725122370185867,-1.0,-1.1357563373010553,10.53
-0.22861592560299554,0.1623522624649492,0.9725122370185867,-1.0,-1.1441710921648358,10.43
-0.985413472426701,0.997306755141833,0.9725122370185867,-1.0,-0.6981890843844596,15.23
2.0417767148681216,-1.7858748871144463,-1.4700766373536769,1.0,0.9647768455701984,32.21
-0.7016143923678121,0.718988590916205,0.9725122370185867,-1.0,-0.8086327419715812,14.53
-0.22861592560299554,0.1623522624649492,0.9725122370185867,-1.0,-0.9558909520877431,12.45
-1.1746128591326277,1.275624919367461,0.9725122370185867,-1.0,-0.21644436843301515,19.42
0.9065803946325631,-0.9509203944375626,-0.6558803458962558,1.0,0.34734420744029076,29.87
-0.985413472426701,0.997306755141833,0.9725122370185867,-1.0,-0.9464243528659898,13.0
2.0417767148681216,-1.7858748871144463,-1.4700766373536769,1.0,0.4935505731984803,28.37
-1.3638122458385542,1.553943083593089,0.9725122370185867,-1.0,-1.0537124773791935,13.0
0.244382541161821,-0.39428406598630666,-0.6558803458962558,1.0,0.6671048922639568,29.63
1.2849791680444165,-1.2292385586631904,-1.1986778735345365,1.0,0.846970277477269,33.27
-0.5124150056618855,0.44067042669057715,0.9725122370185867,-1.0,-1.014794236134208,12.19
0.5281816212207099,-0.6726022302119347,-0.6558803458962558,1.0,0.019168767752843912,23.89
-1.3638122458385542,1.553943083593089,0.9725122370185867,-1.0,-1.097889940414042,12.62
0.244382541161821,-0.39428406598630666,-0.6558803458962558,1.0,1.0552354603558407,37.26
1.2849791680444165,-1.2292385586631904,-1.1986778735345365,1.0,0.7922743708626943,32.67
-0.03941653889706892,-0.11596590176067874,-1.1986778735345365,1.0,1.3266113047127683,36.95
-0.03941653889706892,-0.11596590176067874,-1.1986778735345365,1.0,1.7021197405089816,40.11
0.244382541161821,-0.39428406598630666,-0.6558803458962558,1.0,0.7028676004350247,29.9
0.5281816212207099,-0.6726022302119347,-0.6558803458962558,1.0,0.313685187985168,23.59
-1.1746128591326277,1.275624919367461,0.9725122370185867,-1.0,-0.24589601045624765,19.0
-0.03941653889706892,-0.11596590176067874,-1.1986778735345365,1.0,1.2077528922618659,35.99
-0.5124150056618855,0.44067042669057715,0.9725122370185867,-1.0,-0.9190763995587026,12.65
0.5281816212207099,-0.6726022302119347,-0.6558803458962558,1.0,0.33367023078664726,25.48
-0.22861592560299554,0.1623522624649492,0.9725122370185867,-1.0,-1.1431192478068632,10.34
0.244382541161821,-0.39428406598630666,-0.6558803458962558,1.0,1.3855145887592326,39.81
2.0417767148681216,-1.7858748871144463,-1.4700766373536769,1.0,0.13697533584577362,24.25
0.244382541161821,-0.39428406598630666,-0.6558803458962558,1.0,1.125709032340004,37.1
2.0417767148681216,-1.7858748871144463,-1.4700766373536769,1.0,0.5282614370115755,28.7
-0.5124150056618855,0.44067042669057715,0.9725122370185867,-1.0,-1.0863196524763437,10.67
1.2849791680444165,-1.2292385586631904,-1.1986778735345365,1.0,0.06019069771377482,20.71
-0.22861592560299554,0.1623522624649492,0.9725122370185867,-1.0,-1.197815154421438,10.08
2.0417767148681216,-1.7858748871144463,-1.4700766373536769,1.0,0.13592349148780086,24.03
0.5281816212207099,-0.6726022302119347,-0.6558803458962558,1.0,0.1569603786472525,25.17
-1.1746128591326277,1.275624919367461,0.9725122370185867,-1.0,-0.3679099559810676,17.52
-0.985413472426701,0.997306755141833,0.9725122370185867,-1.0,-1.2819627030592446,7.18
-0.985413472426701,0.997306755141833,0.9725122370185867,-1.0,-1.034779278935687,11.42
-0.7016143923678121,0.718988590916205,0.9725122370185867,-1.0,-1.0558161660951386,11.21
-0.985413472426701,0.997306755141833,0.9725122370185867,-1.0,-1.2819627030592446,7.1
0.5281816212207099,-0.6726022302119347,-0.6558803458962558,1.0,0.9416362696948016,28.65
0.9065803946325631,-0.9509203944375626,-0.6558803458962558,1.0,0.12856058098199274,27.03
1.2849791680444165,-1.2292385586631904,-1.1986778735345365,1.0,0.8059483475163381,33.13
1.2849791680444165,-1.2292385586631904,-1.1986778735345365,1.0,0.5503501685289998,29.83
0.9065803946325631,-0.9509203944375626,-0.6558803458962558,1.0,0.809103880590256,32.13
2.0417767148681216,-1.7858748871144463,-1.4700766373536769,1.0,0.9237549156092675,32.26
-0.22861592560299554,0.1623522624649492,0.9725122370185867,-1.0,-1.1431192478068632,10.46
-1.3638122458385542,1.553943083593089,0.9725122370185867,-1.0,-1.0747493645386454,12.88
-0.7016143923678121,0.718988590916205,0.9725122370185867,-1.0,-0.9169727108427574,14.28
-0.03941653889706892,-0.11596590176067874,-1.1986778735345365,1.0,1.5895723942059148,40.42
-0.22861592560299554,0.1623522624649492,0.9725122370185867,-1.0,-1.1967633100634651,10.07
-1.1746128591326277,1.275624919367461,0.9725122370185867,-1.0,-0.4068281972260534,18.71
1.2849791680444165,-1.2292385586631904,-1.1986778735345365,1.0,1.1919752268922772,36.66
-0.5124150056618855,0.44067042669057715,0.9725122370185867,-1.0,-0.8917284462514153,14.07
-0.985413472426701,0.997306755141833,0.9725122370185867,-1.0,-0.874898936523854,13.18
-1.1746128591326277,1.275624919367461,0.9725122370185867,-1.0,-0.5488271855523522,15.41
1.2849791680444165,-1.2292385586631904,-1.1986778735345365,1.0,1.3665813903157262,32.0
-0.03941653889706892,-0.11596590176067874,-1.1986778735345365,1.0,1.2982115070475082,35.69
-0.985413472426701,0.997306755141833,0.9725122370185867,-1.0,-1.0084831699863723,11.33
1.2849791680444165,-1.2292385586631904,-1.1986778735345365,1.0,1.2172194914836187,32.07
-0.5124150056618855,0.44067042669057715,0.9725122370185867,-1.0,-1.01163870306029,12.27
-1.1746128591326277,1.275624919367461,0.9725122370185867,-1.0,-0.496234967653723,16.83
-1.3638122458385542,1.553943083593089,0.9725122370185867,-1.0,-1.0495050999473032,14.16
-0.22861592560299554,0.1623522624649492,0.9725122370185867,-1.0,-0.97903152796314,12.41
1.2849791680444165,-1.2292385586631904,-1.1986778735345365,1.0,1.3339742152185765,35.24
-0.22861592560299554,0.1623522624649492,0.9725122370185867,-1.0,-0.8948839793253333,13.97
-1.3638122458385542,1.553943083593089,0.9725122370185867,-1.0,-0.9884981271848933,13.68
0.244382541161821,-0.39428406598630666,-0.6558803458962558,1.0,1.3823590556853147,28.52
-0.5124150056618855,0.44067042669057715,0.9725122370185867,-1.0,-1.1020973178459326,10.72
-1.1746128591326277,1.275624919367461,0.9725122370185867,-1.0,-0.5193755435291201,16.99
-1.3638122458385542,1.553943083593089,0.9725122370185867,-1.0,-0.968513084383414,14.65
-0.22861592560299554,0.1623522624649492,0.9725122370185867,-1.0,-0.9622020182355786,12.3
-0.985413472426701,0.997306755141833,0.9725122370185867,-1.0,-1.156793224460507,11.53
0.244382541161821,-0.39428406598630666,-0.6558803458962558,1.0,2.006102759963058,38.35
-0.5124150056618855,0.44067042669057715,0.9725122370185867,-1.0,-0.7444702361352532,14.71
0.244382541161821,-0.39428406598630666,-0.6558803458962558,1.0,1.4475734058796157,42.5
0.244382541161821,-0.39428406598630666,-0.6558803458962558,1.0,1.3329223708606035,40.12
-1.3638122458385542,1.553943083593089,0.9725122370185867,-1.0,-0.9274911544224833,15.09
0.5281816212207099,-0.6726022302119347,-0.6558803458962558,1.0,0.7491487521858186,29.22
0.5281816212207099,-0.6726022302119347,-0.6558803458962558,1.0,0.37364031638960543,25.49
-1.1746128591326277,1.275624919367461,0.9725122370185867,-1.0,-0.49307943457980546,16.62
-0.7016143923678121,0.718988590916205,0.9725122370185867,-1.0,-0.7981142983918552,14.7
2.0417767148681216,-1.7858748871144463,-1.4700766373536769,1.0,0.9837100440137049,32.24
-0.5124150056618855,0.44067042669057715,0.9725122370185867,-1.0,-1.0989417847720147,10.77
0.5281816212207099,-0.6726022302119347,-0.6558803458962558,1.0,0.3799513825374408,28.93
2.0417767148681216,-1.7858748871144463,-1.4700766373536769,1.0,0.1874638650284578,24.63
-0.22861592560299554,0.1623522624649492,0.9725122370185867,-1.0,-1.1504821583126714,10.47
0.5281816212207099,-0.6726022302119347,-0.6558803458962558,1.0,0.42307700121431685,22.8
0.244382541161821,-0.39428406598630666,-0.6558803458962558,1.0,2.0607986665776328,41.3
0.244382541161821,-0.39428406598630666,-0.6558803458962558,1.0,1.4959582463463545,42.49
-1.3638122458385542,1.553943083593089,0.9725122370185867,-1.0,-0.9769278392471947,14.6
-1.1746128591326277,1.275624919367461,0.9725122370185867,-1.0,-0.5372568976146539,15.16
0.9065803946325631,-0.9509203944375626,-0.6558803458962558,1.0,0.5808536549102047,32.05
-1.1746128591326277,1.275624919367461,0.9725122370185867,-1.0,-0.4436427497550937,16.56
-0.22861592560299554,0.1623522624649492,0.9725122370185867,-1.0,-1.1662598236822603,10.39
-0.03941653889706892,-0.11596590176067874,-1.1986778735345365,1.0,1.6705644097698036,40.57
-0.22861592560299554,0.1623522624649492,0.9725122370185867,-1.0,-0.9979647264066466,12.45
-0.22861592560299554,0.1623522624649492,0.9725122370185867,-1.0,-1.016897924850153,12.32
-1.3638122458385542,1.553943083593089,0.9725122370185867,-1.0,-0.7760255668744308,17.17
-0.7016143923678121,0.718988590916205,0.9725122370185867,-1.0,-1.1851930221257667,11.32
0.244382541161821,-0.39428406598630666,-0.6558803458962558,1.0,1.971391896149963,35.94
-0.03941653889706892,-0.11596590176067874,-1.1986778735345365,1.0,1.5664318183305173,40.78
0.244382541161821,-0.39428406598630666,-0.6558803458962558,1.0,2.1765015459546175,39.01
1.2849791680444165,-1.2292385586631904,-1.1986778735345365,1.0,1.6905494525712823,35.69
-1.3638122458385542,1.553943083593089,0.9725122370185867,-1.0,-1.0011202594805642,14.61
-0.22861592560299554,0.1623522624649492,0.9725122370185867,-1.0,-1.1809856446938765,10.15
-0.03941653889706892,-0.11596590176067874,-1.1986778735345365,1.0,0.980554510939787,33.16
0.244382541161821,-0.39428406598630666,-0.6558803458962558,1.0,2.4657587443970788,41.92
1.2849791680444165,-1.2292385586631904,-1.1986778735345365,1.0,1.3181965498489872,31.69
-0.5124150056618855,0.44067042669057715,0.9725122370185867,-1.0,-1.1378600260170004,10.68
-1.3638122458385542,1.553943083593089,0.9725122370185867,-1.0,-1.085267808118371,13.02
-0.22861592560299554,0.1623522624649492,0.9725122370185867,-1.0,-0.7949587653179373,14.5
-0.5124150056618855,0.44067042669057715,0.9725122370185867,-1.0,-1.0389866563675771,12.19
-0.5124150056618855,0.44067042669057715,0.9725122370185867,-1.0,-1.3534881194013804,6.4
-0.5124150056618855,0.44067042669057715,0.9725122370185867,-1.0,-0.9748241505312496,12.49
-0.985413472426701,0.997306755141833,0.9725122370185867,-1.0,-0.9243356213485654,13.01
-0.22861592560299554,0.1623522624649492,0.9725122370185867,-1.0,-1.052660633021221,11.67
-1.1746128591326277,1.275624919367461,0.9725122370185867,-1.0,-0.36370257854917737,17.5
-0.22861592560299554,0.1623522624649492,0.9725122370185867,-1.0,-1.1504821583126714,10.35
-0.5124150056618855,0.44067042669057715,0.9725122370185867,-1.0,-0.9664093956674689,12.29
-0.22861592560299554,0.1623522624649492,0.9725122370185867,-1.0,-0.9716686174573319,12.43
-0.985413472426701,0.997306755141833,0.9725122370185867,-1.0,-0.6824114190148706,14.72
-0.7016143923678121,0.718988590916205,0.9725122370185867,-1.0,-1.01163870306029,12.12
1.2849791680444165,-1.2292385586631904,-1.1986778735345365,1.0,1.3329223708606035,34.24
0.5281816212207099,-0.6726022302119347,-0.6558803458962558,1.0,0.4125585576345912,22.58
-0.5124150056618855,0.44067042669057715,0.9725122370185867,-1.0,-1.014794236134208,12.2
0.5281816212207099,-0.6726022302119347,-0.6558803458962558,1.0,0.9731916004339796,29.06
-0.5124150056618855,0.44067042669057715,0.9725122370185867,-1.0,-0.8927802906093878,13.86
-0.7016143923678121,0.718988590916205,0.9725122370185867,-1.0,-0.9906018159008384,12.12
0.9065803946325631,-0.9509203944375626,-0.6558803458962558,1.0,0.7480969078278459,32.09
-0.7016143923678121,0.718988590916205,0.9725122370185867,-1.0,-1.0368829676516322,11.2
-0.5124150056618855,0.44067042669057715,0.9725122370185867,-1.0,-1.0915788742662065,10.68
-0.7016143923678121,0.718988590916205,0.9725122370185867,-1.0,-0.8507065162904844,14.51
-0.22861592560299554,0.1623522624649492,0.9725122370185867,-1.0,-1.4355319793232422,6.01
0.9065803946325631,-0.9509203944375626,-0.6558803458962558,1.0,0.42307700121431685,30.05
-0.7016143923678121,0.718988590916205,0.9725122370185867,-1.0,-1.016897924850153,12.34
-0.22861592560299554,0.1623522624649492,0.9725122370185867,-1.0,-1.1357563373010553,10.45
2.0417767148681216,-1.7858748871144463,-1.4700766373536769,1.0,0.16221960043711553,24.13
0.9065803946325631,-0.9509203944375626,-0.6558803458962558,1.0,0.7375784642481202,31.84
1.2849791680444165,-1.2292385586631904,-1.1986778735345365,1.0,1.6127129700813116,35.73
0.244382541161821,-0.39428406598630666,-0.6558803458962558,1.0,1.968236363076045,35.89
0.244382541161821,-0.39428406598630666,-0.6558803458962558,1.0,2.419477592646285,41.73
-0.5124150056618855,0.44067042669057715,0.9725122370185867,-1.0,-0.9622020182355786,12.57
0.9065803946325631,-0.9509203944375626,-0.6558803458962558,1.0,0.7302155537423121,32.38
-0.7016143923678121,0.718988590916205,0.9725122370185867,-1.0,-0.953787263371798,12.85
-0.985413472426701,0.997306755141833,0.9725122370185867,-1.0,-1.0431940337994676,11.42
-1.3638122458385542,1.553943083593089,0.9725122370185867,-1.0,-0.8443954501426492,16.55
-1.1746128591326277,1.275624919367461,0.9725122370185867,-1.0,-0.19645932563153626,19.48
-0.03941653889706892,-0.11596590176067874,-1.1986778735345365,1.0,1.428640207436109,39.32
0.244382541161821,-0.39428406598630666,-0.6558803458962558,1.0,1.9493031646325385,35.78
0.5281816212207099,-0.6726022302119347,-0.6558803458962558,1.0,0.2894927677517985,26.0
2.0417767148681216,-1.7858748871144463,-1.4700766373536769,1.0,0.9668805342861438,32.72
2.0417767148681216,-1.7858748871144463,-1.4700766373536769,1.0,0.14644193506752687,24.33
0.5281816212207099,-0.6726022302119347,-0.6558803458962558,1.0,0.5871647210580404,26.84
-1.1746128591326277,1.275624919367461,0.9725122370185867,-1.0,-0.4815091466421067,16.86
1.2849791680444165,-1.2292385586631904,-1.1986778735345365,1.0,0.980554510939787,28.05
-0.03941653889706892,-0.11596590176067874,-1.1986778735345365,1.0,1.3886701218331505,39.31
0.5281816212207099,-0.6726022302119347,-0.6558803458962558,1.0,0.19167124246034803,25.17
-0.03941653889706892,-0.11596590176067874,-1.1986778735345365,1.0,1.3360779039345212,36.52
-0.03941653889706892,-0.11596590176067874,-1.1986778735345365,1.0,1.60009083778564,39.72
-1.1746128591326277,1.275624919367461,0.9725122370185867,-1.0,-0.36896180033904036,17.37
-0.03941653889706892,-0.11596590176067874,-1.1986778735345365,1.0,1.04261332806017,33.24
0.5281816212207099,-0.6726022302119347,-0.6558803458962558,1.0,0.8164667910960641,28.05
0.5281816212207099,-0.6726022302119347,-0.6558803458962558,1.0,0.28633723467788064,23.53
0.9065803946325631,-0.9509203944375626,-0.6558803458962558,1.0,0.7691337949872975,25.36
-0.985413472426701,0.997306755141833,0.9725122370185867,-1.0,-0.677152197225008,15.3
-0.7016143923678121,0.718988590916205,0.9725122370185867,-1.0,-0.7739218781584857,14.33
-0.7016143923678121,0.718988590916205,0.9725122370185867,-1.0,-1.3524362750434078,6.77
-0.7016143923678121,0.718988590916205,0.9725122370185867,-1.0,-1.0431940337994676,11.1
-0.5124150056618855,0.44067042669057715,0.9725122370185867,-1.0,-0.9758759948892222,12.42
-1.1746128591326277,1.275624919367461,0.9725122370185867,-1.0,-0.4625759481986002,16.76
-0.985413472426701,0.997306755141833,0.9725122370185867,-1.0,-0.9527354190138254,12.97
-0.985413472426701,0.997306755141833,0.9725122370185867,-1.0,-0.8885729131774975,12.92
-1.3638122458385542,1.553943083593089,0.9725122370185867,-1.0,-0.783388477380239,16.35
-0.7016143923678121,0.718988590916205,0.9725122370185867,-1.0,-0.7960106096759101,14.08
0.9065803946325631,-0.9509203944375626,-0.6558803458962558,1.0,1.0057987755311293,28.31
-0.985413472426701,0.997306755141833,0.9725122370185867,-1.0,-1.3093106563665318,7.1
0.9065803946325631,-0.9509203944375626,-0.6558803458962558,1.0,0.6755196471277376,26.47
-0.5124150056618855,0.44067042669057715,0.9725122370185867,-1.0,-0.9874462828269207,12.17
1.2849791680444165,-1.2292385586631904,-1.1986778735345365,1.0,1.004746931173157,28.07
-1.3638122458385542,1.553943083593089,0.9725122370185867,-1.0,-0.7770774112324036,17.14
-1.1746128591326277,1.275624919367461,0.9725122370185867,-1.0,-0.32057695987230134,18.48
-0.5124150056618855,0.44067042669057715,0.9725122370185867,-1.0,-1.0947344073401244,10.78
0.244382541161821,-0.39428406598630666,-0.6558803458962558,1.0,2.1333759272777413,40.79
-0.985413472426701,0.997306755141833,0.9725122370185867,-1.0,-0.9243356213485654,12.78
1.2849791680444165,-1.2292385586631904,-1.1986778735345365,1.0,0.8543331879830771,32.84
-0.5124150056618855,0.44067042669057715,0.9725122370185867,-1.0,-1.1399637147329456,10.7
-0.03941653889706892,-0.11596590176067874,-1.1986778735345365,1.0,1.0163172191108554,32.31
-0.7016143923678121,0.718988590916205,0.9725122370185867,-1.0,-0.8254622516991426,14.21
-0.22861592560299554,0.1623522624649492,0.9725122370185867,-1.0,-1.1357563373010553,12.03
-0.985413472426701,0.997306755141833,0.9725122370185867,-1.0,-0.9190763995587026,12.93
0.5281816212207099,-0.6726022302119347,-0.6558803458962558,1.0,0.045464876702158555,24.23
0.244382541161821,-0.39428406598630666,-0.6558803458962558,1.0,2.20174581054596,39.04
1.2849791680444165,-1.2292385586631904,-1.1986778735345365,1.0,0.5019653280622608,28.83
-0.03941653889706892,-0.11596590176067874,-1.1986778735345365,1.0,1.6589941218321052,40.68
0.244382541161821,-0.39428406598630666,-0.6558803458962558,1.0,1.816770775527993,35.45
2.0417767148681216,-1.7858748871144463,-1.4700766373536769,1.0,-0.34266569138972575,15.55
-0.5124150056618855,0.44067042669057715,0.9725122370185867,-1.0,-1.0179497692081256,12.33
-0.03941653889706892,-0.11596590176067874,-1.1986778735345365,1.0,1.5737947288363254,40.78
-0.03941653889706892,-0.11596590176067874,-1.1986778735345365,1.0,1.6632014992639954,40.15
-1.3638122458385542,1.553943083593089,0.9725122370185867,-1.0,-0.799166142749828,17.15
-1.1746128591326277,1.275624919367461,0.9725122370185867,-1.0,-0.4373316836072583,17.11
0.5281816212207099,-0.6726022302119347,-0.6558803458962558,1.0,0.4399065109418782,24.7
-0.03941653889706892,-0.11596590176067874,-1.1986778735345365,1.0,1.0268356626905812,33.21
-1.3638122458385542,1.553943083593089,0.9725122370185867,-1.0,-0.9411651310761268,14.66
0.9065803946325631,-0.9509203944375626,-0.6558803458962558,1.0,0.27161141366626473,26.44
0.244382541161821,-0.39428406598630666,-0.6558803458962558,1.0,1.562224440898627,28.75
-0.985413472426701,0.997306755141833,0.9725122370185867,-1.0,-0.9211800882746477,12.93
0.5281816212207099,-0.6726022302119347,-0.6558803458962558,1.0,0.5619204564666982,30.0
-1.1746128591326277,1.275624919367461,0.9725122370185867,-1.0,-0.2648292088997542,18.88
0.244382541161821,-0.39428406598630666,-0.6558803458962558,1.0,1.1246571879820317,37.12
-0.03941653889706892,-0.11596590176067874,-1.1986778735345365,1.0,1.0079024642470749,33.12
-1.1746128591326277,1.275624919367461,0.9725122370185867,-1.0,-0.3963097536463274,17.69
1.2849791680444165,-1.2292385586631904,-1.1986778735345365,1.0,0.9837100440137049,35.67
2.0417767148681216,-1.7858748871144463,-1.4700766373536769,1.0,0.13171611405591063,24.11
2.0417767148681216,-1.7858748871144463,-1.4700766373536769,1.0,0.9900211101615406,32.75
-0.22861592560299554,0.1623522624649492,0.9725122370185867,-1.0,-0.7718181894425405,14.61
-1.1746128591326277,1.275624919367461,0.9725122370185867,-1.0,-0.5488271855523522,15.12
-0.985413472426701,0.997306755141833,0.9725122370185867,-1.0,-1.1504821583126714,11.69
1.2849791680444165,-1.2292385586631904,-1.1986778735345365,1.0,1.3813072113273424,31.66
-0.7016143923678121,0.718988590916205,0.9725122370185867,-1.0,-0.9695649287413868,12.91
-1.3638122458385542,1.553943083593089,0.9725122370185867,-1.0,-0.8107364306875263,16.54
-0.03941653889706892,-0.11596590176067874,-1.1986778735345365,1.0,0.9773989778658698,33.27
-0.5124150056618855,0.44067042669057715,0.9725122370185867,-1.0,-1.1347044929430825,10.71
-1.1746128591326277,1.275624919367461,0.9725122370185867,-1.0,-0.5688122283538315,15.36
-0.5124150056618855,0.44067042669057715,0.9725122370185867,-1.0,-0.7591960571468694,14.66
0.5281816212207099,-0.6726022302119347,-0.6558803458962558,1.0,0.29370014518368875,23.75
-1.1746128591326277,1.275624919367461,0.9725122370185867,-1.0,-0.5540864073422153,15.21
-0.7016143923678121,0.718988590916205,0.9725122370185867,-1.0,-0.9937573489747561,12.47
-0.5124150056618855,0.44067042669057715,0.9725122370185867,-1.0,-0.7770774112324036,14.7
-0.22861592560299554,0.1623522624649492,0.9725122370185867,-1.0,-0.9884981271848933,12.43
-1.3638122458385542,1.553943083593089,0.9725122370185867,-1.0,-1.0495050999473032,13.99
1.2849791680444165,-1.2292385586631904,-1.1986778735345365,1.0,1.2372045342850984,31.63
0.5281816212207099,-0.6726022302119347,-0.6558803458962558,1.0,0.47777290782889126,29.91
-1.3638122458385542,1.553943083593089,0.9725122370185867,-1.0,-1.0989417847720147,12.71
-0.5124150056618855,0.44067042669057715,0.9725122370185867,-1.0,-1.1483784695967263,10.64
-0.7016143923678121,0.718988590916205,0.9725122370185867,-1.0,-0.799166142749828,14.33
-0.22861592560299554,0.1623522624649492,0.9725122370185867,-1.0,-0.8254622516991426,14.48
-0.03941653889706892,-0.11596590176067874,-1.1986778735345365,1.0,1.4296920517940814,39.86
1.2849791680444165,-1.2292385586631904,-1.1986778735345365,1.0,0.49986163934631567,29.06
0.9065803946325631,-0.9509203944375626,-0.6558803458962558,1.0,0.5503501685289998,29.07
-0.5124150056618855,0.44067042669057715,0.9725122370185867,-1.0,-0.9800833723211125,12.27
-1.1746128591326277,1.275624919367461,0.9725122370185867,-1.0,-0.22065174586490577,18.84
0.9065803946325631,-0.9509203944375626,-0.6558803458962558,1.0,0.28528539031990824,19.5
-0.22861592560299554,0.1623522624649492,0.9725122370185867,-1.0,-1.0368829676516322,12.35
-0.7016143923678121,0.718988590916205,0.9725122370185867,-1.0,-1.0715938314647275,11.14
-1.1746128591326277,1.275624919367461,0.9725122370185867,-1.0,-0.3573915124013416,17.35
-1.1746128591326277,1.275624919367461,0.9725122370185867,-1.0,-0.45310934897684696,16.86
0.9065803946325631,-0.9509203944375626,-0.6558803458962558,1.0,1.169886495374853,32.06
-1.3638122458385542,1.553943083593089,0.9725122370185867,-1.0,-0.7770774112324036,15.09
-0.5124150056618855,0.44067042669057715,0.9725122370185867,-1.0,-1.1273415824372746,10.7
-0.5124150056618855,0.44067042669057715,0.9725122370185867,-1.0,-0.8223067186252248,14.7
-0.7016143923678121,0.718988590916205,0.9725122370185867,-1.0,-1.0694901427487824,11.07
0.9065803946325631,-0.9509203944375626,-0.6558803458962558,1.0,-0.2753476524794802,19.95
-0.7016143923678121,0.718988590916205,0.9725122370185867,-1.0,-1.3513844306854352,6.85
-0.22861592560299554,0.1623522624649492,0.9725122370185867,-1.0,-1.0053276369124546,12.18
-1.1746128591326277,1.275624919367461,0.9725122370185867,-1.0,-0.8244104073411699,10.77
-0.7016143923678121,0.718988590916205,0.9725122370185867,-1.0,-0.9579946408036882,12.73
-0.03941653889706892,-0.11596590176067874,-1.1986778735345365,1.0,0.9521547132745276,32.46
0.5281816212207099,-0.6726022302119347,-0.6558803458962558,1.0,0.002339258025282523,23.8
-0.985413472426701,0.997306755141833,0.9725122370185867,-1.0,-0.7087075279641852,15.34
-0.22861592560299554,0.1623522624649492,0.9725122370185867,-1.0,-0.7949587653179373,14.5
-0.7016143923678121,0.718988590916205,0.9725122370185867,-1.0,-1.197815154421438,11.45
-0.03941653889706892,-0.11596590176067874,-1.1986778735345365,1.0,1.3529074136620831,36.91
-1.3638122458385542,1.553943083593089,0.9725122370185867,-1.0,-0.9653575513094963,14.33
0.5281816212207099,-0.6726022302119347,-0.6558803458962558,1.0,0.5093282385680689,24.96
1.2849791680444165,-1.2292385586631904,-1.1986778735345365,1.0,1.2109084253357838,36.57
0.5281816212207099,-0.6726022302119347,-0.6558803458962558,1.0,0.32630732028083914,23.86
-0.7016143923678121,0.718988590916205,0.9725122370185867,-1.0,-1.0842159637603985,11.14
-0.22861592560299554,0.1623522624649492,0.9725122370185867,-1.0,-1.0631790766009468,12.12
-1.3638122458385542,1.553943083593089,0.9725122370185867,-1.0,-0.9001432011151959,16.64
-0.22861592560299554,0.1623522624649492,0.9725122370185867,-1.0,-1.4092358703739276,6.05
-0.7016143923678121,0.718988590916205,0.9725122370185867,-1.0,-1.085267808118371,11.16
0.244382541161821,-0.39428406598630666,-0.6558803458962558,1.0,2.0208285809746744,38.67
-0.985413472426701,0.997306755141833,0.9725122370185867,-1.0,-1.1241860493633569,11.68
0.244382541161821,-0.39428406598630666,-0.6558803458962558,1.0,1.46966213739704,42.11
-0.5124150056618855,0.44067042669057715,0.9725122370185867,-1.0,-1.052660633021221,12.63
-0.03941653889706892,-0.11596590176067874,-1.1986778735345365,1.0,1.6873939194973653,40.71
-1.1746128591326277,1.275624919367461,0.9725122370185867,-1.0,-0.27955502991137043,19.12
-0.985413472426701,0.997306755141833,0.9725122370185867,-1.0,-1.0263645240719064,11.43
2.0417767148681216,-1.7858748871144463,-1.4700766373536769,1.0,0.547194635455082,28.15
-0.7016143923678121,0.718988590916205,0.9725122370185867,-1.0,-1.0495050999473032,11.13
0.244382541161821,-0.39428406598630666,-0.6558803458962558,1.0,1.9219552113252516,36.03
0.9065803946325631,-0.9509203944375626,-0.6558803458962558,1.0,0.5819054992681775,29.6
-0.7016143923678121,0.718988590916205,0.9725122370185867,-1.0,-0.9422169754340993,12.93
-0.985413472426701,0.997306755141833,0.9725122370185867,-1.0,-1.1704672011141504,11.59
-0.5124150056618855,0.44067042669057715,0.9725122370185867,-1.0,-1.1273415824372746,10.7
-0.7016143923678121,0.718988590916205,0.9725122370185867,-1.0,-0.9316985318543736,12.95
-0.7016143923678121,0.718988590916205,0.9725122370185867,-1.0,-0.9853425941109754,12.18
0.244382541161821,-0.39428406598630666,-0.6558803458962558,1.0,2.3584706198838745,41.09
-0.7016143923678121,0.718988590916205,0.9725122370185867,-1.0,-1.0673864540328373,11.22
0.9065803946325631,-0.9509203944375626,-0.6558803458962558,1.0,0.5093282385680689,29.09
-0.22861592560299554,0.1623522624649492,0.9725122370185867,-1.0,-0.8044253645396906,14.17
0.5281816212207099,-0.6726022302119347,-0.6558803458962558,1.0,0.05493147592391181,24.37
0.5281816212207099,-0.6726022302119347,-0.6558803458962558,1.0,0.49670610627239775,24.6
1.2849791680444165,-1.2292385586631904,-1.1986778735345365,1.0,0.38836613740122167,20.84
0.244382541161821,-0.39428406598630666,-0.6558803458962558,1.0,1.2277379350633448,40.0
-0.7016143923678121,0.718988590916205,0.9725122370185867,-1.0,-1.083164119402426,11.18
0.5281816212207099,-0.6726022302119347,-0.6558803458962558,1.0,0.18010095452264965,25.66
-1.3638122458385542,1.553943083593089,0.9725122370185867,-1.0,-0.842291761426704,16.94
-0.5124150056618855,0.44067042669057715,0.9725122370185867,-1.0,-1.3987174267942017,6.37
-0.985413472426701,0.997306755141833,0.9725122370185867,-1.0,-0.8969876680412784,13.02
2.0417767148681216,-1.7858748871144463,-1.4700766373536769,1.0,0.1790491101646769,24.59
0.9065803946325631,-0.9509203944375626,-0.6558803458962558,1.0,0.10647184946456872,26.91
2.0417767148681216,-1.7858748871144463,-1.4700766373536769,1.0,0.5261577482956303,28.55
-1.3638122458385542,1.553943083593089,0.9725122370185867,-1.0,-1.0642309209589194,13.0
0.9065803946325631,-0.9509203944375626,-0.6558803458962558,1.0,0.9237549156092675,29.34
0.9065803946325631,-0.9509203944375626,-0.6558803458962558,1.0,0.6955046899292165,31.81
1.2849791680444165,-1.2292385586631904,-1.1986778735345365,1.0,0.5187948377898222,29.08
1.2849791680444165,-1.2292385586631904,-1.1986778735345365,1.0,0.8280370790337626,32.29
-0.22861592560299554,0.1623522624649492,0.9725122370185867,-1.0,-0.9674612400254414,14.22
-1.3638122458385542,1.553943083593089,0.9725122370185867,-1.0,-1.0842159637603985,13.0
0.9065803946325631,-0.9509203944375626,-0.6558803458962558,1.0,1.0447170167761155,28.4
-0.7016143923678121,0.718988590916205,0.9725122370185867,-1.0,-1.0821122750444532,11.09
-0.7016143923678121,0.718988590916205,0.9725122370185867,-1.0,-1.0663346096748647,11.16
-0.985413472426701,0.997306755141833,0.9725122370185867,-1.0,-1.1452229365228086,11.6
-0.5124150056618855,0.44067042669057715,0.9725122370185867,-1.0,-1.1483784695967263,10.66
-0.22861592560299554,0.1623522624649492,0.9725122370185867,-1.0,-1.167311668040233,10.38
-0.5124150056618855,0.44067042669057715,0.9725122370185867,-1.0,-1.4008211155101469,6.37
0.9065803946325631,-0.9509203944375626,-0.6558803458962558,1.0,0.2958038338996339,26.46
-0.03941653889706892,-0.11596590176067874,-1.1986778735345365,1.0,1.001591398099239,33.28
-0.985413472426701,0.997306755141833,0.9725122370185867,-1.0,-1.0232089909979887,11.44
-0.22861592560299554,0.1623522624649492,0.9725122370185867,-1.0,-0.8086327419715812,14.32
0.9065803946325631,-0.9509203944375626,-0.6558803458962558,1.0,0.9395325809788568,28.4
-0.7016143923678121,0.718988590916205,0.9725122370185867,-1.0,-0.7970624540338824,14.71
-0.7016143923678121,0.718988590916205,0.9725122370185867,-1.0,-1.065282765316892,11.11
-0.985413472426701,0.997306755141833,0.9725122370185867,-1.0,-0.8622768042281829,13.17
-0.22861592560299554,0.1623522624649492,0.9725122370185867,-1.0,-0.8380843839948133,14.19
-1.1746128591326277,1.275624919367461,0.9725122370185867,-1.0,-0.4320724618173953,17.02
2.0417767148681216,-1.7858748871144463,-1.4700766373536769,1.0,0.9205993825353503,32.26
-0.985413472426701,0.997306755141833,0.9725122370185867,-1.0,-0.8833136913876345,13.18
-0.03941653889706892,-0.11596590176067874,-1.1986778735345365,1.0,1.5664318183305173,40.43
2.0417767148681216,-1.7858748871144463,-1.4700766373536769,1.0,0.11488660432834923,24.28
-0.03941653889706892,-0.11596590176067874,-1.1986778735345365,1.0,1.2855893747518374,36.45
1.2849791680444165,-1.2292385586631904,-1.1986778735345365,1.0,0.8669553202787479,28.86
-1.1746128591326277,1.275624919367461,0.9725122370185867,-1.0,-0.5730196057857218,15.16
-0.03941653889706892,-0.11596590176067874,-1.1986778735345365,1.0,1.2161676471256464,36.7
-1.3638122458385542,1.553943083593089,0.9725122370185867,-1.0,-0.8128401194034715,17.26
-0.7016143923678121,0.718988590916205,0.9725122370185867,-1.0,-1.318777255588285,6.79
-0.7016143923678121,0.718988590916205,0.9725122370185867,-1.0,-0.9211800882746477,12.67
0.9065803946325631,-0.9509203944375626,-0.6558803458962558,1.0,0.36101818409393427,29.71
-0.03941653889706892,-0.11596590176067874,-1.1986778735345365,1.0,1.2803301529619742,36.45
1.2849791680444165,-1.2292385586631904,-1.1986778735345365,1.0,0.5251059039376575,29.14
-0.985413472426701,0.997306755141833,0.9725122370185867,-1.0,-0.880158158313717,12.77
-1.3638122458385542,1.553943083593089,0.9725122370185867,-1.0,-1.0779048976125631,13.04
-0.7016143923678121,0.718988590916205,0.9725122370185867,-1.0,-1.0736975201806727,12.46
0.9065803946325631,-0.9509203944375626,-0.6558803458962558,1.0,0.6807788689176003,26.33
-0.985413472426701,0.997306755141833,0.9725122370185867,-1.0,-0.7318481038395824,15.18
-0.985413472426701,0.997306755141833,0.9725122370185867,-1.0,-1.0452977225154128,11.22
2.0417767148681216,-1.7858748871144463,-1.4700766373536769,1.0,0.5366761918753563,28.57
